nome,indirizzo,telefono,sito,email,rating,recensioni
Ristorante Galleria,"Galleria Vittorio Emanuele II, 75, 20121 Milano MI, Italia",02 8646 4912,https://ristorantegalleria.it/,info@ristorantegalleria.it,4.5,6206
Al Cantinone,"Via Agnello, 19, 20121 Milano MI, Italia",02 863015,http://www.alcantinone.it/,info@alcantinone.it,4.1,3841
Risoelatte Duomo,"Via Manfredo Camperio, 6, 20123 Milano MI, Italia",02 3983 1040,https://risoelatte.com/,info@risoelatte.it; info@osteriarisoelatte.it,4.4,3059
Maio Restaurant Milano,"Via Santa Radegonda, 3, 20121 Milano MI, Italia",02 885 2455,http://www.maiorestaurant.com/,,4,1902
miscusi | pasta fresca - Milano Centrale,"Piazza S. Camillo de Lellis, 20124 Milano MI, Italia",02 5003 0990,https://www.miscusi.com/?utm_source=google&utm_medium=googlemaps&utm_campaign=linkgmb&utm_content=I005,,4.3,9230
Trattoria la vecchia guardia,"Via della Commenda, 21, 20122 Milano MI, Italia",02 3663 1188,https://www.lavecchiaguardia.it/,,4.5,1280
The Roof Milano,"Piazza Giuseppe Missori, 1, 20123 Milano MI, Italia",,https://www.theroofmilano.com/,info@theroofmilano.com,4.2,2359
Ristorante Vista Duomo,"P.za del Duomo, 17/A, 20123 Milano MI, Italia",02 0996 2671,https://ristorantevistaduomo.it/,info@ristorantevistaduomo.it,4.1,913
Nerino Dieci Trattoria,"Via Nerino, 10, 20123 Milano MI, Italia",02 3983 1019,http://www.nerinodieci.it/,info@nerinodieci.it,4.6,2883
SlowSud Duomo,"Via delle Asole, 4, 20123 Milano MI, Italia",02 7200 2595,https://slow-sud.it/,,4.3,3290
Sugo Milano - Duomo,"Via dell'Unione, 11, 20123 Milano MI, Italia",342 012 8808,https://prenotazioni.taac-app.com/sugo,,4.6,1030
La Locanda del Gatto Rosso,"Via Ugo Foscolo, 3, 20121 Milano MI, Italia",02 7202 2411,http://www.lalocandadelgattorosso.it/,bistrot@lalocandadelgattorosso.it; info@lalocandadelgattorosso.it,4,3112
Luna Rossa,"Via Broletto, 26, 20121 Milano MI, Italia",02 874739,,,4.5,4658
Trattoria de la Trebia Milano,"Via Trebbia, 32, 20135 Milano MI, Italia",02 551 3380,http://www.trattorialatrebia.it/,info@trattorialatrebia.it,4.6,2024
Cesarino,"Via Pattari, 2, 20122 Milano MI, Italia",,https://www.cesarinomilano.it/,,4.8,2682
Il Marchese Milano,"Via dei Bossi, 3, 20121 Milano MI, Italia",02 5812 4986,https://ilmarchese.it/,prenotazionicourmayeur@ilmarchese.it; prenotazioni@ilmarchesemilano.it; prenotazioni@ilmarcheseroma.it,4.3,920
Da Giacomo Arengario,"Via Guglielmo Marconi, 1, 20123 Milano MI, Italia",02 7209 3814,https://giacomomilano.com/location/arengario/,,4.1,1749
Maccheroni - La Carbonara N°1 di Milano,"Via S. Carpoforo, 7, 20121 Milano MI, Italia",02 3831 3245,https://maccheronirestaurants.com/,,4.6,3036
Valentino Legend,"Via Agnello, 8, 20121 Milano MI, Italia",328 845 2785,http://www.valentinolegend.it/,valentinolegend@hotmail.com,4.4,1380
La Prosciutteria Milano Brera,"Corso Garibaldi, 55, 20121 Milano MI, Italia",02 8901 0390,https://www.laprosciutteria.com/aperitivo-milano-brera/,,4.2,4064
Ristorante Belé Navigli,"Via Angelo Fumagalli, 3, 20143 Milano MI, Italia",02 3664 2933,https://www.beleristorante.com/?utm_source=Google&utm_medium=business_maps&utm_campaign=link+site,info@beleristorante.com,4.5,684
OSTERIA DA FORTUNATA MILANO NAVIGLI,"Via Casale, 4, 20144 Milano MI, Italia",02 4547 2283,https://www.osteriadafortunata.it/,gruppodafortunata@gmail.com,4.4,1105
Il Principe dei Navigli,"Via Giovanni Enrico Pestalozzi, 2, 20143 Milano MI, Italia",02 8912 6248,http://ilprincipedeinavigli.it/,ilprincipe-010@hotmail.it,4.5,1849
NAVIGLIO 48,"Alzaia Naviglio Grande, 48, 20144 Milano MI, Italia",327 853 1610,,,4.3,2708
La Prosciutteria Milano Navigli,"Ripa di Porta Ticinese, 53, 20143 Milano MI, Italia",02 4978 4925,https://www.laprosciutteria.com/aperitivo-milano-navigli/,,4.3,4640
Osteria del Gnocco Fritto,"Via Pasquale Paoli, 2, 20143 Milano MI, Italia",02 5810 0216,https://www.gnoccofrittomilano.it/,info@gnoccofrittomilano.it,4.4,3550
Officina del Riso Navigli,"Alzaia Naviglio Grande, 62, 20144 Milano MI, Italia",02 8976 6568,https://officinadelriso.com/?_gl=1*eg6ete*_up*MQ..*_gs*MQ..&gclid=CjwKCAjwup3HBhAAEiwA7euZukztCImZfpNTvqZPHXqrnsoV-paU0gM6VtGmnproqphxwcSWwYzs9RoCfqcQAvD_BwE&gbraid=0AAAAACcNFZsFgTjKJSlp8a5V8vAW2s--Z,officinadelriso@pec.it,4.4,2343
Come 'Na Vorta Pasta e Vino - Navigli,"Ripa di Porta Ticinese, 3-5, 20143 Milano MI, Italia",02 4070 3352,https://pastaevinoroma.it/,info@pastaevinoroma.it,4.4,661
Il Mannarino Navigli,"Alzaia Naviglio Grande, 2, 20144 Milano MI, Italia",02 259 3303,https://www.ilmannarino.it/ristoranti/milano-alzaia-naviglio-grande-2/,navigli@ilmannarino.it; ilmannarino@pec.it,4.7,2191
Meatball Family - Ristorante Navigli | Porta Genova,"Via Vigevano, 20, 20144 Milano MI, Italia",02 4547 1809,https://themeatballfamily.com/ristorante/navigli/,,4.5,3001
Osteria della Darsena,"Via Vigevano, 1, 20144 Milano MI, Italia",02 9153 9321,https://osteriadarsena.it/,info@osteriadarsena.it,4.4,1136
Vetusta Insigna,"Alzaia Naviglio Grande, 48, 20144 Milano MI, Italia",02 4537 5347,https://vetustainsigna.shop/,,4.2,1906
The Brisket,"Ripa di Porta Ticinese, 65, 20143 Milano MI, Italia",02 832 3479,http://www.brisketmilano.com/,,4.5,1815
Ristorante Officina 12,"Alzaia Naviglio Grande, 12, 20144 Milano MI, Italia",02 8942 2261,http://www.officina12.it/officina12.html,stefania@officina12.it; info@officina12.it,4,2135
Le Striatelle di nonna Mafalda,"Via Vigevano, 11, 20144 Milano MI, Italia",02 3981 1590,http://lestriatelle.it/,,4.5,2259
Trattoria Bolognese da Mauro,"Via Elia Lombardini, 14, 20143 Milano MI, Italia",320 416 1702,https://www.facebook.com/groups/382608620534/,,4.6,2073
Sciué Navigli,"Alzaia Naviglio Pavese, 6, 20143 Milano MI, Italia",02 5810 0299,http://www.sciue.it/,solari@sciue.it; navigli@sciue.it; premuda@sciue.it,4.7,2884
Posto di Conversazione,"Alzaia Naviglio Grande, 6, 20144 Milano MI, Italia",02 9194 3999,https://osteriapostodiconversazione.it/,info@osteriapostodiconversazione.com,4.3,1169
Marigold,"Alzaia Naviglio Grande, 56, 20144 Milano MI, Italia",02 3829 6182,,,4.9,48
Al piccolo bistrot,"Alzaia Naviglio Grande, 56, 20144 Milano MI, Italia",340 612 8372,,,5,90
Osteria Da Fortunata - Brera,"Via Fiori Chiari, 13, 20121 Milano MI, Italia",02 3652 3774,https://www.osteriadafortunata.it/,gruppodafortunata@gmail.com,4.2,7978
Brera 29 Cucina & Cocktails,"Via Brera, 29, 20121 Milano MI, Italia",02 4953 4949,http://www.brera29.com/,,4.4,1715
Osteria di Brera,"Via S. Marco, 5, 20121 Milano MI, Italia",02 2906 1051,https://osteriadibrera.it/,,4.4,114
Ristorante Nabucco,"Via Fiori Chiari, 10, 20121 Milano MI, Italia",02 860663,http://www.nabucco.it/,info@nabucco.it,4.2,1975
Hosteria della Musica - Brera,"Vicolo Fiori, 2, 20121 Milano MI, Italia",02 3966 1149,https://hosteriadellamusica.com/,,4,2851
Bauscia,"Via dell'Orso, 2, 20121 Milano MI, Italia",02 8909 2660,http://www.bausciamilano.com/,,4.4,1618
Taverna del Borgo Antico,"Via Madonnina, 27, 20121 Milano MI, Italia",02 8646 1186,http://www.tavernadelborgoantico.it/,info@tavernadelborgoantico.it,3.9,3041
Il Cestino,"Via Madonnina, 27/A, 20121 Milano MI, Italia",02 8646 0146,http://www.ristoranteilcestino.it/,info@ristoranteilcestino.it,4.1,3037
Bacco di Brera,"Via Brera, 23, 20121 Milano MI, Italia",02 7208 0518,,,4.2,272
Gloria Osteria Milano,"Via Tivoli, 3, 20121 Milano MI, Italia",344 073 9345,https://gloria-osteria.com/it/gloria-osteria-milano?utm_source=google&utm_medium=organic&utm_campaign=mybusiness-website,,4.8,10200
Rosso Brera,"Via Marco Formentini, 7, 20121 Milano MI, Italia",02 8353 8580,http://www.rossobrera.com/,info@rossobrera.com,4,1070
Bioesserì Milano Brera,"Via Fatebenefratelli, 2, 20121 Milano MI, Italia",02 8907 1052,http://www.bioesseri.it/,,4,1660
Ristorante Stendhal Brera,"Via Ancona, Via S. Marco, 20121 Milano MI, Italia",02 657 2059,https://stendhalrestaurants.it/,,4.5,1841
Locanda alla Scala,"Via dell'Orso, 1, 20121 Milano MI, Italia",02 869 3273,https://locandaallascala.it/,info@locandaallascala.it,4.4,634
Salsamenteria di Parma,"Via Ponte Vetero, 11, 20121 Milano MI, Italia",02 7209 4367,https://www.salsamenteriadiparma.com/ristoranti/milano-brera/?utm_source=GBP+&utm_medium=info+brera&utm_campaign=site,info@grsp.eu; info@salsamenteriadiparma.com; brera@salsamenteriadiparma.com,4.3,3104
Sea Signora Milano,"Via Fiori Chiari, 32, 20121 Milano MI, Italia",345 283 1086,https://seasignorarest.com/,info@seasignorarest.com; marketing@seasignorarest.com; amministrazione@seasignorarest.com,4.8,109
Osteria Formentini,"Via Marco Formentini, 2, 20121 Milano MI, Italia",02 3824 8853,https://www.osteriaformentini.it/,,4.5,82
Sicilian Brera Wine & Food Art Milano,"Via del Carmine, Via Ciovasso, 7, 20121 Milano MI, Italia",02 7200 4449,http://www.sicilianbrera.com/,,4.5,552
Trippa,"Via Giorgio Vasari, 1, 20135 Milano MI, Italia",327 668 7908,http://www.trippamilano.it/,info@trippamilano.it; ufficiostampa@trippamilano.it,4.6,1707
Trattoria Mibabbo,"Via Lazzaro Papi angolo, C.so Lodi, 20135 Milano MI, Italia",02 4548 8997,http://www.mibabbo.it/,info@mibabbo.it,4.5,1715
Dongiò,"Via Bernardino Corio, 3, 20135 Milano MI, Italia",349 276 1011,http://www.dongio.it/,ristorantedongio@gmail.com,4.4,1528
Particolare Milano,"Via Gerolamo Tiraboschi, 5, 20135 Milano MI, Italia",02 4775 5016,https://www.particolaremilano.com/,,4.5,763
Un Sacco Bello,"Via Lodovico Muratori, 50, 20135 Milano MI, Italia",02 5501 6966,http://www.unsaccobellomilano.it/,davidmarsili@1saccobello.it,4.4,1738
Un posto a Milano,"Via Privata Cuccagna, 2/4, 20135 Milano MI, Italia",02 545 7785,http://www.unpostoamilano.it/,info@unpostoamilano.it,4,1689
Casa Tua Osteria,"Via Ludovico Muratori, Via Bernardino Corio, 10, 20135 Milano MI, Italia",02 551 4269,http://www.casatuaosteria.it/,,4,1402
Dü Bistrot | Porta Romana,"Via Serviliano Lattuada, 17, 20135 Milano MI, Italia",375 550 3883,https://instagram.com/du_bistrot_portaromana?igshid=dHh0YTZtcW92NDQ0,,4.9,152
Autem Milano,"Via Serviliano Lattuada, 2, 20135 Milano MI, Italia",351 278 0368,http://autem-milano.com/,,4.9,239
Ma Che Ce Frega,"Corso di Porta Romana, 106, 20122 Milano MI, Italia",339 319 0062,https://www.machecefrega.it/,info@machecefrega.it,3.4,1354
Giulio Pane e Ojo,"Via Lodovico Muratori, 10, 20135 Milano MI, Italia",02 545 6189,http://www.giuliopaneojo.com/,info@giuliopaneojo.com,3.9,3856
Filumè Milano,"Corso di Porta Romana, 129, 20122 Milano MI, Italia",02 3653 4955,,,4.8,339
MIC Ramen Milano Portaromana,"Viale Monte Nero, 62, 20135 Milano MI, Italia",351 454 2717,https://micramenitalia.it/,,4.8,2710
Ivan & Frank,"C.so Lodi, 37/A, 20135 Milano MI, Italia",02 5410 7101,http://ivanfrank-ristorante.it/,info@ivanfrank-ristorante.it,4.2,1481
Trattoria del Pescatore,"Via Atto Vannucci, 5, 20135 Milano MI, Italia",02 5832 0452,http://www.trattoriadelpescatore.it/,,4.5,2076
RAW restaurant,"Corso di Porta Romana, 45, 20122 Milano MI, Italia",02 4507 6348,https://raw-restaurant.it/,info@raw-restaurant.it,4.8,81
Pane & Trita | Milano Porta Romana,"Via Lodovico Muratori, 27, 20135 Milano MI, Italia",02 5518 0260,http://www.panetrita.it/,,4.2,554
Bottega Sicula Milano,"Via Mantova, 5, 20135 Milano MI, Italia",02 3653 4241,https://bottegasiculamilano.it/,,4.5,1397
Bracio-Sicilian Bites (Porta Romana),"Via Antonio Fogazzaro, 9, 20135 Milano MI, Italia",02 551 4784,https://bracio.it/,info@bracio.it,4.1,1323
SlowSud Isola,"Via Garigliano, 8, 20159 Milano MI, Italia",02 9475 2764,https://slow-sud.it/,,4.7,1123
Il Cormorano - Isola,"Via Luigi Porro Lambertenghi, 34, 20159 Milano MI, Italia",02 6900 4383,http://www.trattoriailcormorano.it/,info@trattoriailcormorano.it; info@ilcormoranosempione.it,4.2,1716
Speciale Osteria,"Via Pastrengo, 11, 20159 Milano MI, Italia",02 392 5182,https://www.specialeosteria.it/,,4.8,403
Assaje Milano Segrino,"Via Traù, 2, 20159 Milano MI, Italia",02 606456,http://www.assaje.it/,,4.4,9637
Bela Tusa Trattoria,"Via Pietro Borsieri, 26, 20159 Milano MI, Italia",02 4953 5080,https://belatusatrattoria.it/,belatusatrattoria@gmail.com,4.7,775
IL PORTO,"Via Traù, 2, 20159 Milano MI, Italia",02 3656 8039,,,4.8,92
Osteria dei Vecchi Sapori,"Via Carmagnola, 3, 20159 Milano MI, Italia",02 668 6148,https://www.osteriavecchisapori.com/,info@vecchisapori.it,4.2,1934
Ratanà,"Via Gaetano de Castillia, 28, 20124 Milano MI, Italia",02 8712 8855,https://www.ratana.it/,,4.4,3397
Ristorante Bosco Verticale,"Via Volturno, Via Federico Confalonieri, 15, 20124 Milano MI, Italia",02 688 0836,,,4.7,1211
Osteria Isola,"Via Spalato, 14, 20124 Milano MI, Italia",02 3653 9573,https://social.quandoo.com/en/groups/osteria-isola-105141,,4,649
Officina del Riso Isola,"Via Vincenzo Civerchio, 5, 20159 Milano MI, Italia",02 9166 7111,https://officinadelriso.com/?_gl=1*jey55h*_up*MQ..*_gs*MQ..&gclid=CjwKCAjwup3HBhAAEiwA7euZukztCImZfpNTvqZPHXqrnsoV-paU0gM6VtGmnproqphxwcSWwYzs9RoCfqcQAvD_BwE&gbraid=0AAAAACcNFZsFgTjKJSlp8a5V8vAW2s--Z,officinadelriso@pec.it,4.5,1116
Cantine MILANO - WINE & RESTAURANT,"Via Traù, 1, 20159 Milano MI, Italia",02 6680 2819,http://www.cantinemilano.com/,reservation@cantinemilano.it; booking@cantineamare.com,4.6,1670
Stelvio,"Via Sebenico, 14, 20124 Milano MI, Italia",02 8928 8660,https://www.stelviomilano.com/,isola@stelviomilano.it,4,1133
Ristorante Borsieri 39,"Via Pietro Borsieri, 39, 20159 Milano MI, Italia",02 2317 2187,http://www.ristoranteborsieri.it/,,4.3,912
Donburi House 丼 Isola - Ramen Izakaya,"Via Pietro Borsieri, 31, 20159 Milano MI, Italia",375 982 0568,https://donburihouse.it/,,4.8,83
Osteria Dal Verme,"Via Jacopo dal Verme, 19, 20159 Milano MI, Italia",02 6680 2223,https://www.osteriadalverme.com/,,4.2,1047
Il Marinaio,"Via Guglielmo Pepe, 12, 20159 Milano MI, Italia",02 6900 5116,http://www.trattoriailmarinaio.it/,,4.2,1988
L'isola del gusto,"Via Angelo della Pergola, 4, 20159 Milano MI, Italia",02 6680 9878,http://www.isoladelgustomilano.it/,,4.4,602
Isola Ristorante Milano,"P.za Cordusio, 2, 20121 Milano MI, Italia",349 875 7718,https://www.isolarestaurant.com/milan/?l=it,reservations.milan@isolarestaurant.com,4.1,72
miscusi | pasta fresca - Milano Isola,"Piazza Tito Minniti, 6, 20159 Milano MI, Italia",,https://miscusi.com/?utm_source=google&utm_medium=googlemaps&utm_campaign=linkgmb&utm_content=I004,,4.4,3607
Osteria Nuovo Convento,"Via Giovanni Ricordi, 8, 20131 Milano MI, Italia",02 2024 1256,http://www.osterianuovoconvento.it/,,4.4,617
Osteria il Melograno,"Via Annibale Caretta, 3, 20131 Milano MI, Italia",02 2952 1295,,,4.3,796
Mao Hunan,"Via Nicola Antonio Porpora, 5, 20131 Milano MI, Italia",02 4978 7361,https://www.facebook.com/ristorantemao,,4.4,2487
Amore e Gusto,"Via Giulio e Corrado Venini, 29, 20127 Milano MI, Italia",380 470 7117,https://amoreegusto.com/,,4.7,928
Xi'an · Loreto,"Via Andrea Costa, 1, 20131 Milano MI, Italia",338 383 9196,https://social.quandoo.com/en/groups/xi-an-loreto-103015,,4.6,287
Yuan,"Via Andrea Costa, 4, 20131 Milano MI, Italia",02 3656 0493,,,4.3,609
GINZA SUSHI ristorante fusion,"Via Bambaia, 2, 20131 Milano MI, Italia",02 8299 0022,http://www.ginzasushi.it/,,4.2,315
Volemose Bene Rosticceria Romana,"Via Giuseppe Pecchio, 1, 20131 Milano MI, Italia",02 4538 1350,http://www.volemosebene.it/,,4.7,1392
Wang Jiao,"Via Padova, 3, 20127 Milano MI, Italia",02 261 3224,,,4.4,1648
Ristorante Mò,"Viale Monza, 4, 20127 Milano MI, Italia",377 834 0160,https://drive.google.com/file/d/1CzAP6h8fNQW5Gdf8sSPd7tvyqmFOepgQ/view?usp=drivesdk,,4.5,814
Kasama,"Via Nicola Antonio Porpora, 9, 20131 Milano MI, Italia",350 928 6150,https://www.instagram.com/tarasa.kasama?igsh=NDk2dDM2N3ZldGoz,,4.8,185
Trattoria Bertamè,"Via Francesco Lomonaco, 13b, 20131 Milano MI, Italia",393 077 3564,http://trattoria.bertame.it/,info@bertame.it,4.4,1902
Le Nove Scodelle,"Viale Monza, 4, 20127 Milano MI, Italia",331 800 1116,https://www.lenovescodelle.com/,info@lenovescodelle.com,4.3,1987
New Sigiri Lanka Restaurant - Loreto,"Via Padova, 16, 20131 Milano MI, Italia",388 113 2011,https://social.quandoo.com/en/groups/new-sigiri-lanka-restaurant-loreto-102381,,3.6,49
Ristorante pizzeria 3 Fratelli,"Via Pietro Marocco, 12, 20120 Milano MI, Italia",02 2614 5126,http://www.3fratelli.it/,info@3fratelli.it,4.7,1457
LA PATRONA,"Via Andrea Costa, 3, 20131 Milano MI, Italia",320 173 3459,https://www.lapatronaristorante.it/,,4.6,232
Minta,"Viale Monza, 13, 20125 Milano MI, Italia",338 823 6116,https://instagram.com/mintamilano?igshid=YmMyMTA2M2Y=,,4.9,346
Damaschino Milano,"Via Giorgio Chavez, 4, 20131 Milano MI, Italia",393 681 5777,https://social.quandoo.com/en/groups/damaschino-milano-110139,,4.7,167
Esperides,"Via Giovanni Lulli, 28/B, 20131 Milano MI, Italia",02 2614 3634,http://www.ristorante-esperides.com/,,4,908
PRIMA LUCE,"Piazzale Loreto, 11, 20131 Milano MI, Italia",366 181 3410,https://primaluce.eatbu.com/,ilknurum19.py@gmail.com,4.1,25
Osteria da Fortunata - Moscova Milano,"Via della Moscova, 52, 20121 Milano MI, Italia",02 5003 3307,https://it-it.facebook.com/osteriadafortunata/,,4.4,3485
Volemose Bene | via Moscova,"Via della Moscova, 25, 20121 Milano MI, Italia",02 3655 9618,http://www.volemosebenemilano.it/,,4.1,3584
Sevilla Mia - Moscova,"Largo la Foppa, 1, 20121 Milano MI, Italia",02 8295 5612,https://sevillamia.it/prenota/,,4.9,149
Locanda Perbellini Bistrot Milano,"Via della Moscova, 25, 20121 Milano MI, Italia",02 3663 1450,http://www.locandaperbellini.it/,,4.5,1071
Osteria Brunello,"Corso Garibaldi, 117, 20121 Milano MI, Italia",338 617 5118,http://www.osteriabrunello.it/,info@osteriabrunello.it,4.4,2630
Denis Milano Moscova,"Via Statuto, 16, 20121 Milano MI, Italia",375 798 8835,https://denispizza.it/,,4.4,1869
La Vecchia Lira,"Largo la Foppa, 5, 20121 Milano MI, Italia",02 659 9136,http://www.osteriavecchialira.it/,info@osteriavecchialira.it,4.3,1172
miscusi | pasta fresca - Milano Moscova,"Corso Garibaldi, 104, 20121 Milano MI, Italia",,https://miscusi.com/?utm_source=google&utm_medium=googlemaps&utm_campaign=linkgmb&utm_content=I020,,4.7,1125
Taverna Trastevere Milano,"Via Statuto, 16, 20121 Milano MI, Italia",02 3823 7473,https://www.tavernatrastevere.com/,prenotazioni@tavernatrastevere.com; info@tavernatrastevere.com,4.7,660
Pescetto,"Via Alessandro Volta, 9, 20121 Milano MI, Italia",02 3675 4184,https://www.ilpescetto.it/,amministrazione.diellegroup@gmail.com,4.4,2805
Volta Street,"Via Alessandro Volta, 3, 20121 Milano MI, Italia",02 3966 9373,http://www.voltastreet.it/,,4.6,424
Gambarotta,"Via della Moscova, 50, 20121 Milano MI, Italia",02 657 2146,https://www.instagram.com/ristorantegambarotta/,,4.3,588
Carnissage Milano - Ristorante di carne a Milano,"Via Varese, 4, 20121 Milano MI, Italia",02 2222 0081,http://www.carnissage.com/,events@carnissage.com; milano@carnissage.com,4.8,244
All'Antico Vinaio,"Via della Moscova, 20121 Milano MI, Italia",02 6291 2835,https://www.allanticovinaio.com/,avhq@allanticovinaio.com; infoallanticovinaio@gmail.com; allanticovinaioitalia@pec.it,4.4,567
Osteria del Corso - Milano,"Corso Garibaldi, 75, 20121 Milano MI, Italia",02 659 7441,http://www.osteriadelcorso.com/,,4.4,716
Cactus Milano,"Via Varese, 4, 20121 Milano MI, Italia",347 054 4982,https://cactusmilano.it/,info@cactusmilano.it,4.5,430
Donburi House 丼 Moscova - Ramen Izakaya,"Via della Moscova, 24, 20121 Milano MI, Italia",375 590 7391,https://www.donburihouse.it/,,4.6,147
Al Baretto San Marco,"Via Marsala, 2, 20121 Milano MI, Italia",334 352 9882,http://www.albarettosanmarco.com/,albaretto@albarettosanmarco.it,4.8,1638
Ristorante Eggs Milano,"Via Solferino, 35, 20121 Milano MI, Italia",02 0997 2435,https://www.eggsristorante.com/,info@eggsmilano.com; info@eggsroma.com,4.5,175
Osteria Della Via Appia Moscova,"Via della Moscova, 39, 20121 Milano MI, Italia",02 2106 4108,http://www.osteriadellaviaappia.net/,,4.4,5
Pinkerì Porta Venezia,"Via Lazzaro Palazzi, 2, 20124 Milano MI, Italia",02 3823 2214,https://www.pinkeri.it/,info@pinkeri.it,4.9,44
L'Angolo di Casa,"Viale Piave, 17, 20129 Milano MI, Italia",02 7601 6221,http://www.angolodicasa.it/,info@angolodicasa.it,4.4,692
Røst,"Via Melzo, 3, 20129 Milano MI, Italia",344 053 8044,https://www.rostmilano.com/,info@rostmilano.com; press@rostmilano.com,4.6,578
Venice Ristorante Pizzeria,"Corso Buenos Aires, 2, 20129 Milano MI, Italia",02 204 7447,https://veniceristorantepizzeria.shop/,,4.4,1342
Piccola Cucina,"Viale Piave, 17, 20129 Milano MI, Italia",02 7601 2860,http://www.piccolacucina.it/,piccolacucina@gmail.com,4.7,298
Rosy e Gabriele 1,"Via Giuseppe Sirtori, 26, 20129 Milano MI, Italia",340 760 2051,,,4.4,1813
Ristorante Pizzeria La Ragazza,"Via Paolo Frisi, 3, 20129 Milano MI, Italia",02 2952 1739,http://www.ristorantelaragazza.it/,,4.6,1706
ToscaNino Milano,"Via Melzo, angolo, Via Lambro, 20129 Milano MI, Italia",02 7428 1354,http://www.toscanino.com/,prenotazioni.rinascentefirenze@toscanino.com; prenotazioni.milano@toscanino.com; infomilano@toscanino.com,4.3,872
Ottocene,"Via Giuseppe Sirtori, 6, 20129 Milano MI, Italia",347 371 6452,https://instagram.com/otto.cene,,4.8,426
Velavevodetto a Porta Venezia,"Largo Fra Paolo Bellintani, 1, 20124 Milano MI, Italia",02 2222 4091,http://www.ristorantevelavevodetto.it/,,4.7,283
Calaluna,"Viale Piave, 38, 20129 Milano MI, Italia",02 2940 1982,https://www.calalunamilano.it/,calalunaosteria@gmail.com,4.4,952
Gesto,"Via Giuseppe Sirtori, 15, 20129 Milano MI, Italia",02 201006,https://www.gestomilano.it/,,4.1,835
Ponte Milvio,"Via Lazzaro Spallanzani, 6, 20129 Milano MI, Italia",02 2951 3169,http://cucinaromanapontemilvio.it/,,4.2,1397
Ristorante Pizzeria Maruzzella,"Piazza Guglielmo Oberdan, 3, 20129 Milano MI, Italia",02 2952 5729,https://www.pizzeriamaruzzellamilano.it/,,4.4,4186
Consorzio Stoppani - La sagra della Cotoletta,"Via Antonio Stoppani, 15, 20129 Milano MI, Italia",331 393 6388,http://www.consorziostoppani.it/,,4.4,2472
RISTORANTE “Dagli Amici di Patty”,"Via Rosolino Pilo, 7, 20129 Milano MI, Italia",02 8703 9557,https://dagli-amici-di-patty.eatbu.com/,m.arpini67@gmail.com,4.6,350
Ristorante Da Oscar (Porta Venezia),"Via Lazzaro Palazzi, 4, 20124 Milano MI, Italia",02 2951 8806,https://www.ristorantedaoscar.it/,info@ristorantedaoscar.it,4.3,3535
Hoya Milano,"Via Panfilo Castaldi, 42, 20124 Milano MI, Italia",02 4539 5026,http://www.hoya-milano.it/,,4.7,588
La Quarta Carbonaia,"Viale Regina Giovanna, 22, 20129 Milano MI, Italia",02 2952 5531,http://www.laquartacarbonaia.it/,,4.3,873
Eppol,"Via Marcello Malpighi, 7, 20129 Milano MI, Italia",351 796 3127,https://eppolnatural.it/,,3.9,1994
Osteria Afrodite,"Via Donatello, 9, 20131 Milano MI, Italia",333 806 1018,http://www.osteriaafrodite.com/,afrodite@osteriaafrodite.it,4.9,629
Belluccio'S,"Via Beato Angelico, 27, 20133 Milano MI, Italia",02 749 0993,http://www.belluccio.it/,bellucciosmilano@gmail.com; info@belluccio.it,4.5,786
La Piola,"Viale Abruzzi, 23, 20131 Milano MI, Italia",02 2953 1271,http://lapiola.it/,,4.4,1625
Osteria La Bistecca,"Via Paracelso, 5, 20129 Milano MI, Italia",02 2024 0347,http://www.osterialabistecca.com/,,4.4,917
Ristorante di Pesce Il Delfino,"Viale Gran Sasso, 26, 20131 Milano MI, Italia",02 266 5427,http://www.ristoranteildelfinomilano.it/,,4.6,1463
Skuisito SteakHouse & WineBar,"Via Giovanni Pacini, 18, 20131 Milano MI, Italia",02 7063 8397,http://www.skuisito.it/,,4.3,1214
Ce Piace Osteria Romana,"Via Giovanni Pacini, 37, 20131 Milano MI, Italia",375 661 1419,http://www.cepiace.it/,,4.4,1062
Aladino,"Via Achille Maiocchi, 30, 20129 Milano MI, Italia",02 2952 1608,http://www.ristorantealadino.it/,,4.5,2783
Ampere 57,"Via Andrea Maria Ampère, 57, 20131 Milano MI, Italia",02 3652 1125,https://ristoranteampere57.it/,,4.4,361
Poporoya,"Via Bartolomeo Eustachi, 20, 20129 Milano MI, Italia",02 2940 6797,http://www.poporoyamilano.com/,,4.5,3443
Le Brasier - Miglior steakhouse e BBQ di Milano,"Viale Abruzzi, 23, 20131 Milano MI, Italia",02 3663 0555,https://lebrasier.it/,info@lebrasier.it,4.7,1143
Hosteria,"Via Antonio Stoppani, 9, 20129 Milano MI, Italia",02 2953 1245,http://www.hosteriastoppani.com/,,4.5,249
Star Rise,"Via Donatello, 28, 20131 Milano MI, Italia",02 7063 5153,http://www.starrise.it/,,4.5,383
Trattoria Crono,"Via Giovanni Pascoli, 15, 20129 Milano MI, Italia",392 506 7019,https://www.facebook.com/giuliacrono,,4.2,511
Ginmi,"V. Giovanni Paisiello, 7, 20131 Milano MI, Italia",02 2951 6394,https://ristoranteginmi.com/,info.ginmi@gmail.com,4.6,877
Osteria al Piccolo Molo,"Via Antonio Grossich, 2, 20131 Milano MI, Italia",02 3668 6452,https://osteriaalpiccolomolo.eatbu.com/?lang=it,minageorge1984@gmail.com,4.5,732
L'Insolita Pescheria,"Via Sandro Botticelli, 2, 20133 Milano MI, Italia",02 3675 2145,http://www.linsolitapescheria.it/,,4.3,602
Bracelleria,"Via Carlo Matteucci, ang, Via Paracelso, 1, 20131 Milano MI, Italia",02 8492 1897,https://social.quandoo.com/en/groups/bracelleria-osteria-macelleria-99319,,4.4,217
Ristorante Imperiale,"Via Plinio Caio Secondo, 30, 20129 Milano MI, Italia",02 2951 3532,https://www.ristoranteimperialemilano.com/,imperiale30@yahoo.it,4.4,438
JinYong Ticinese,"Corso di Porta Ticinese, 6, 20123 Milano MI, Italia",02 8940 1415,https://social.quandoo.com/en/groups/jin-yong-ticinese-101105,,4.8,416
Ristorante Cacio e Pepe - Cucina Romana,"V.le Gian Galeazzo, 3, 20136 Milano MI, Italia",346 067 8848,https://www.ristorantecacioepepe.com/,,4.4,1923
Fininfondo,"Ripa di Porta Ticinese, 69, 20143 Milano MI, Italia",376 249 6014,http://www.fininfondo.it/,info@fininfondo.it,4.4,600
Ishi,"Corso di Porta Ticinese, 96, 20123 Milano MI, Italia",366 542 6215,http://ishifusion.it/,info@ishifusion.it,4.3,1454
AltaRè - La Puglia a Morsi,"Corso di Porta Ticinese, 76, 20123 Milano MI, Italia",02 0994 9784,https://instagram.com/altare_puglia?igshid=YmMyMTA2M2Y=,,4.6,690
Chunk Milano,"Ripa di Porta Ticinese, 55, 20143 Milano MI, Italia",02 3599 0549,http://www.chunkmilano.it/,info@chunkmilano.it,4.9,1972
Trapizzino Milano | Navigli,"Ripa di Porta Ticinese, 2, 20143 Milano MI, Italia",02 9157 0928,https://www.trapizzino.it/trapizzino/trapizzino-milano-navigli/?utm_source=googlemaps&utm_campaign=Local&utm_medium=organic&utm_content=link_home_gmaps,info@trapizzino.it,4.5,542
El Porteño Darsena,"V.le Gian Galeazzo, 25, 20136 Milano MI, Italia",02 5843 7593,https://www.elporteno.it/location/milano/el-porteno-darsena/,booking@porteno.it,4.4,2030
Zio Pesce,"Via Cicco Simonetta, 8, 20123 Milano MI, Italia",02 5810 9145,https://www.ziopesce.com/,info@sevengroup.it,4.5,1377
Trattoria Pugliese Acquasala,"Ripa di Porta Ticinese, 71, 20143 Milano MI, Italia",02 8942 3983,http://www.acquasala.it/,,4.3,972
Dumpling mywéi bar,"Corso di Porta Ticinese, 14, 20123 Milano MI, Italia",373 753 8973,http://myweibar.it/,dumpling@myweibar.it,4.7,108
Papilla Milano,"P.za Ventiquattro Maggio, 5, 20122 Milano MI, Italia",02 9415 5574,http://www.papillamilano.com/,,4.8,3896
Hot rock Restaurant &Bar,"Via Vetere, 09, 20123 Milano MI, Italia",02 3655 3508,,,4.6,247
Osteria del Binari,"Via Tortona, 1, 20144 Milano MI, Italia",02 8940 9428,http://osteriadelbinari.it/,info@osteriadelbinari.it,4.3,4585
La Scaletta,"Piazzale Stazione Genova, 3, 20144 Milano MI, Italia",02 4398 6316,http://www.lascalettarestaurant.com/,info@lascalettarestaurant.com,4.5,641
Belle Donne Bistrot,"Via Tortona, 28, 20144 Milano MI, Italia",02 5810 9894,https://www.belledonnebistrot.com/,info@belledonnebistrot.com,4.5,1945
BLUES CANAL,"Via Casale, 7, 20144 Milano MI, Italia",02 836 0799,http://www.bluescanalmilano.com/,info@bluescanalmilano.com,4.5,5728
Osteria Via Prè,"Via Casale, 4, 20144 Milano MI, Italia",366 159 7478,http://www.viapre.it/,info@viapre.it,4,479
Al Porto Ristorante,"Piazzale Antonio Cantore, 13, 20144 Milano MI, Italia",02 8940 7425,https://alportomilano.it/,info@alportomilano.it,4.6,1053
SlowSud Porta Genova Tortona,"Via Tortona, 20, 20144 Milano MI, Italia",02 9475 5965,https://www.slow-sud.it/,,4.5,476
Langosteria Bistrot,"Via Privata Bobbio, 2, 20144 Milano MI, Italia",02 5810 7802,http://www.langosteria.com/,,4.6,2998
Trattoria Da Armando & Christian,"Corso Cristoforo Colombo, 10, 20144 Milano MI, Italia",02 832 2062,https://www.armandoechristian.it/,,4.2,376
142 Restaurant & 142 Café Bistrot,"Corso Cristoforo Colombo, 6, 20144 Milano MI, Italia",349 856 1278,http://www.142.restaurant/,info@142.restaurant,4.7,283
Ristorante Rodrigo,"Via Savona, 11, 20144 Milano MI, Italia",02 9731 2013,http://ristoranterodrigomilano.com/,,4.7,56
Il Montalcino,"Via Valenza, 17, 20144 Milano MI, Italia",02 832 1926,http://www.ilmontalcino.it/,,4.4,942
Langosteria,"Via Savona, 10, 20144 Milano MI, Italia",02 5811 1649,http://www.langosteria.com/,,4.6,3185
Bussarakham,"Via Valenza, 13, 20144 Milano MI, Italia",02 8942 2415,http://www.bussarakham.com/,ristorantebussarakham@gmail.com,4.1,1589
Da Noi In,"Via Vincenzo Forcella, 6, 20144 Milano MI, Italia",02 837 8111,https://www.magnapars.it/ristorante/,info@magnapars.it,4.4,99
Pizzeria di Porta Garibaldi - MILANO,"Corso Como, 6, 20154 Milano MI, Italia",02 655 1926,http://www.pizzeriaportagaribaldi.com/,,4.2,3707
El Carnicero Garibaldi,"Corso Garibaldi, 108, 20121 Milano MI, Italia",02 8722 2106,https://www.elcarnicero.com/el-carnicero-garibaldi/,,4.4,1824
Osteria del Gambero Rosso,"Viale Pasubio, 8, 20154 Milano MI, Italia",02 657 1208,http://www.algambero.com/,info@algambero.com,4.3,1429
Fabbrica del Grano - Grani Antichi,"Corso Garibaldi, 26, 20121 Milano MI, Italia",02 7202 3313,https://www.fabbricadelgrano.it/,,4.6,1885
Waby Ristorante,"Via Carlo de Cristoforis, 2, 20124 Milano MI, Italia",02 8341 2987,https://wabyristorante.com/,,4.8,333
The FisherMan Pasta,"Corso Garibaldi, 12, 20121 Milano MI, Italia",02 7200 4524,https://www.thefisherman.it/,info@thefisherman.it,4.4,1803
Dispensa Emilia Milano Garibaldi,"P.za XXV Aprile, 12, 20124 Milano MI, Italia",02 2506 3032,https://www.dispensaemilia.it/it/,,4.1,542
Terrazza Calabritto Milano,"Viale Monte Grappa, 7, 20124 Milano MI, Italia",02 6379 3923,http://milano.terrazzacalabritto.it/,milano@terrazzacalabritto.it,4.5,460
Eataly,"P.za XXV Aprile, 10, 20121 Milano MI, Italia",800 975 880,https://www.eataly.net/it_it/negozi/milano-smeraldo?utm_source=gmb&utm_medium=listing&utm_campaign=organic-search,eatalysmeraldo@eataly.it,4.2,14584
Alla Cucina delle Langhe,"Corso Como, 6, 20124 Milano MI, Italia",02 655 4279,http://www.allacucinadellelanghe.com/,,4.2,945
Ristorante Milano da Pierino,"Viale Ugo Bassi, 7, 44029 Porto Garibaldi FE, Italia",0533 327179,http://www.milanodapierino.it/,info@milanodapierino.it,4.4,859
Bomaki Garibaldi,"Corso Garibaldi, 79, 20121 Milano MI, Italia",02 9167 2030,https://www.bomaki.it/,,4.6,274
Primè,"Viale Francesco Crispi, 2, 20154 Milano MI, Italia",02 6556 0923,http://www.ristoranteprime.it/,prime@ristoranteprime.it,4.4,1351
Il Gusto della Nebbia,"Via Nino Bonnet, 11, 20154 Milano MI, Italia",351 986 6676,https://ilgustodellanebbia.superbexperience.com/,,4.7,1624
Cantiere Hambirreria - Milano,"Corso Garibaldi, 104, 20121 Milano MI, Italia",389 655 5544,http://www.cantierehambirreria.it/,,4,1401
Piz,"Via Torino, 34, 20123 Milano MI, Italia",02 8645 3482,https://www.facebook.com/pizmilano/,,4.4,14411
Gino Sorbillo Lievito Madre,"Largo Corsia dei Servi, 11, 20122 Milano MI, Italia",02 4537 5930,http://www.sorbillo.it/,info@sorbillo.it,4.1,10129
Pizza Am,"Corso di Porta Romana, 83, 20122 Milano MI, Italia",02 551 0579,https://www.facebook.com/PizzaAmMilano/?locale2=it_IT,,4.7,9127
Nàpiz' Pizzeria Milano,"Viale Vittorio Veneto, 30, 20124 Milano MI, Italia",02 3943 5143,https://www.instagram.com/napiz.pizzeriamilano/,,4.7,4271
Da Zero,"Via Bernardino Luini, 9, 20123 Milano MI, Italia",02 8352 9189,http://www.dazero.org/,,4.4,4411
Fratelli Coppola - Milano,"Via Alfredo Cappellini, 23, 20124 Milano MI, Italia",02 6698 5006,https://www.fratellicoppola.net/fratelli-coppola-ristorante-pizzeria-napoletana-milano/,info@fratellicoppola.net,4.5,3580
Pizzeria Positano Milano - Colonne di San Lorenzo,"Via S. Vito, 5, 20123 Milano MI, Italia",334 715 8836,https://pizzeriapositano.eu/milano-colonne-di-san-lorenzo/,carmine@pizzeriapositano.eu,4.6,1709
MATERIA PIZZERIA - MILANO CENTRO,"Via del Torchio, 1, 20123 Milano MI, Italia",02 4971 4985,https://materiapizzeria.com/,info@materiapizzeria.com,4.7,1691
Spontini,"Via Santa Radegonda, 11, 20121 Milano MI, Italia",02 8909 2621,http://www.spontinimilano.com/pizzerie/MILANO-DUOMO/,info@spontinimilano.com; santaradegonda@pizzeriaspontini.com,4.2,10773
Gino Sorbillo Pizza Gourmand,"Via Ugo Foscolo, 1, 20121 Milano MI, Italia",02 8050 2300,http://www.sorbillo.it/,info@sorbillo.it,4.1,5052
L'Antica Pizzeria • da Michele,"Piazza della Repubblica, 27, 20124 Milano MI, Italia",02 6671 1538,https://www.pizzeriadamichelemilano.it/,,4,4910
Antica Pizza Fritta da Zia Esterina,"Via Agnello, 19, 20121 Milano MI, Italia",02 4549 1628,http://www.sorbillo.it/,info@sorbillo.it,4.3,3800
Casa Sorbillo Duomo,"Via Agnello, 18, 20121 Milano MI, Italia",02 3651 6638,http://www.sorbillo.it/,info@sorbillo.it,4,1619
Slice Milano,"Via Giovanni Gherardini, 2, 20145 Milano MI, Italia",333 188 0274,https://slicemilano.it/,,4.8,1676
Crazy Pizza,"Via Varese, 1, 20121 Milano MI, Italia",02 5407 6604,https://crazypizza.com/milan/,info@crazypizza.com; milan@crazypizza.com,4.2,5392
Rossini,"Via dei Piatti, 4, 20123 Milano MI, Italia",02 4959 4646,http://www.rossiniristorante.it/,rossini@rossiniristorante.it,4.5,2667
I 12 Gatti Pizzeria,"Galleria Vittorio Emanuele II, 11, 20121 Milano MI, Italia",346 845 1420,https://it.idodicigatti.it/,eventi.idodicigatti@galleriavikmilano.com; idodicigatti@galleriavikmilano.com,4.5,1777
Pizzium - Viale Andrea Doria,"Vle Andrea Doria, 17, 20124 Milano MI, Italia",02 3831 2090,https://pizzium.com/,,4.2,2424
Pizzeria Navigli Pizza Tua Qui Milano,"Via Ascanio Sforza, 29, 20136 Milano MI, Italia",388 851 4388,https://www.pizzerianaviglimilano.com/,faraonesaid4@gmail.com,4.8,528
Assaje Navigli,"Via Casale, 5, 20144 Milano MI, Italia",02 3652 3632,https://www.assaje.it/,,4.7,520
I Capatosta Navigli,"Alzaia Naviglio Grande, 56, 20100 Milano MI, Italia",02 8941 5910,http://www.icapatosta.it/,,4.2,2343
La Magolfa - Navigli,"Via Magolfa, 15, 20143 Milano MI, Italia",02 832 1696,,,4.3,3199
Berberè Pizzeria Navigli,"Via Vigevano, 8, 20144 Milano MI, Italia",02 3675 8428,https://www.berberepizza.it/berbere-milano-navigli/,info@berbere.it; arianna.gandolfi@freel.it; job@berbere.it,4.4,2100
Pizzeria del naviglio,"Ripa di Porta Ticinese, 125, 20143 Milano MI, Italia",393 013 4447,,,4.9,54
Pizza e Mozzarella,"Via Carlo Torre, 22, 20143 Milano MI, Italia",02 0996 5181,http://www.pizzaemozzarella.it/,,4.5,5310
Napoli 1820 Pizzeria - Milano,"Alzaia Naviglio Grande, 62, 20144 Milano MI, Italia",02 3652 4578,http://www.napoli1820.com/,,4.3,2546
Fabbrica Pizzeria,"Alzaia Naviglio Grande, 70, 20144 Milano MI, Italia",02 835 7670,https://www.fabbricapizzeriamilano.com/,fabbricapizzeriamilano@gmail.com,3.9,3855
La pizzeria Tradizionale,"Ripa di Porta Ticinese, 7, 20144 Milano MI, Italia",02 839 5133,http://www.pizzeriatradizionale.com/,crm-srl@libero.it,4.1,1885
Il Naviglio Pizza & Kebab,"Ripa di Porta Ticinese, 21, 20143 Milano MI, Italia",328 595 5016,,,4.7,450
Pizzium - Via Vigevano,"Via Vigevano, 33, 20144 Milano MI, Italia",02 8295 5665,https://pizzium.com/locali/milano-via-vigevano-33/,,4.4,3514
Woodstock dal 1969,"Via Lodovico Il Moro, 3, 20143 Milano MI, Italia",02 3656 4015,http://www.woodstock-milano.com/,info@woodstock-milano.com; ordini@woodstock-milano.com,4.2,2549
"Glory POP (Piazzale Cantore, Milano)","Piazzale Antonio Cantore, 3, 20123 Milano MI, Italia",02 0995 3592,https://glorypop.it/,,4.7,320
Sabbia d'oro Ristorante-Pizzeria,"Via Vigevano, 3, 20144 Milano MI, Italia",02 8940 6761,https://www.facebook.com/sabbiadoro2001/,,4.5,997
Ristorante Pizzeria Woodstock 3,"Via Vigevano, 43, 20144 Milano MI, Italia",02 837 3700,,,4.2,1925
Da Zero,"Via dell'Orso, 4, 20121 Milano MI, Italia",02 8341 9934,https://www.dazero.org/,,4.3,2198
Pizzacoteca di Brera,"Via Brera, 29, 20121 Milano MI, Italia",02 7200 0563,http://www.pizzacoteca.it/,info@pizzacoteca.it,3.9,840
Ristorante Pizzeria Il Kaimano,"Via Fiori Chiari, 20, 20121 Milano MI, Italia",02 8050 2733,https://ristoranteilkaimano.it/,,3.8,2759
Ristorante Pizzeria Convivium,"Via Ponte Vetero, 21, 20121 Milano MI, Italia",02 8646 3708,http://www.conviviumristorante.it/,,4.3,1390
Obicà Mozzarella Bar - Cusani,"Via Cusani, 1, 20121 Milano MI, Italia",02 4941 6936,http://www.obica.com/,webmarketing@obica.com; marketinguk@obica.com; usa-marketing@obica.com,4.1,1309
Trattoria Milanese - Dal 1933,"Via Santa Marta, 11, 20123 Milano MI, Italia",02 8645 1991,,,4.2,2509
Premiata Trattoria Arlati dal 1936,"Via Alberto Nota, 47, 20126 Milano MI, Italia",02 643 3327,https://trattoriaarlati.it/,info@trattoriaarlati.com,4.6,2389
Trattoria Don Ciccio Milano,"Via Losanna, 11, 20154 Milano MI, Italia",342 623 7771,https://doncicciomilano.it/,,4.9,33
Trattoria La Pesa dal 1902,"Via Giovanni Fantoni, 26, 20148 Milano MI, Italia",02 3651 4525,http://www.trattorialapesa1902.it/,,4.4,2826
Trattoria della Gloria,"Via Mario Pichi, 5, 20143 Milano MI, Italia",02 4547 4710,https://www.trattoriadellagloria.com/,tommaso@trattoriadellagloria.com; rocco@trattoriadellagloria.com; luca@trattoriadellagloria.com,4.5,788
Antica Osteria Il Ronchettino,"Via Lelio Basso, 9, 20142 Milano MI, Italia",342 564 3955,http://www.ronchettino.it/,info@ronchettino.it,4.4,1915
Trattoria Milanese dal 1997| Famiglia Mita,"Via Carlo Ilarione Petitti, 11, 20149 Milano MI, Italia",02 3675 1580,https://www.trattoriamilanesedal1997.com/,prenotazioni@trattoriamilanesedal1997.com,4.5,154
Antica Trattoria della Pesa,"Viale Pasubio, 10, 20154 Milano MI, Italia",02 655 5741,http://www.anticatrattoriadellapesa.com/,anticatrattoriadellapesa1880@gmail.com,4.2,1421
Trattoria della Stampa Milano,"Viale Pasubio, 8, 20154 Milano MI, Italia",02 9925 8698,https://www.trattoriadellastampamilano.it/,,4.6,410
Osteria Mamma Rosa-Ristorante pesce Milano,"P.zza Cincinnato, 4, 20124 Milano MI, Italia",02 2952 2076,http://www.osteriamammarosa.it/,info@osteriamammarosa.it,4.4,4773
Osteria Conchetta,"Via Conchetta, 8, 20136 Milano MI, Italia",02 837 2917,http://www.osteriaconchetta.it/,info@osteriaconchetta.it,4.5,2689
Da Pisacco - Trattoria Italiana,"Via Carlo Pisacane, 47, 20129 Milano MI, Italia",02 8076 6306,https://www.trattoriadapisacco.it/,info@trattoriadapisacco.com,4.8,91
Galeria Antica Trattoria Milano,"Via Arcangelo Corelli, 27, 20134 Milano MI, Italia",327 000 5385,https://www.galeriaanticatrattoria.it/,info@galeriaanticatrattoria.it,4.3,1575
Osteria De Milan,"Via Carlo Tenca, 18, 20124 Milano MI, Italia",339 487 3343,https://www.osteriademilan.it/menu,,4.6,490
Osteria Fiaschetto | Ristorante a Milano,"Via Pioppette, 3, 20123 Milano MI, Italia",331 363 4603,http://www.osteriafiaschetto.com/,osteriafiaschetto@gmail.com,4.7,590
Osteria Serafina,"Via Luigi Sacco, 9, 20149 Milano MI, Italia",389 929 9450,http://www.osteriaserafina.com/,info@osteriaserafina.it,4.7,2857
Osteria Cornalia,"Via Emilio Cornalia, 16, 20124 Milano MI, Italia",02 8969 7710,https://osteriacornalia.it/,info@osteriacornalia.it,4.6,425
Osteria italiana,"Via Napo Torriani, 22, 20124 Milano MI, Italia",02 670 4188,http://www.osteriaitaliana.eu/,info@osteriaitaliana.eu,4.1,4162
Osteria dei Malnat,"Via Caccialepori, 3, 20090 Milano MI, Italia",02 2318 2024,http://www.osteriadeimalnat.it/,,4.3,1272
Osteria dal Cornuto,"Ripa di Porta Ticinese, 55, 20143 Milano MI, Italia",02 4952 7323,https://www.osteriadalcornuto.com/,,4.6,1565
Antica Osteria del Mare,"Via Ascanio Sforza, 105, 20141 Milano MI, Italia",02 8954 6534,http://www.anticaosteriadelmare.it/,info@anticaosteriadelmare.it,4.4,983
Ristorante di Pesce Milano Buon prezzo - Settembrini 18,"Via Luigi Settembrini, 18, 20124 Milano MI, Italia",02 2951 9494,http://www.ristorantesettembrini18.it/,,4.6,2327
CANTINE A MARE - Ristorante di Pesce,"Via Carlo Goldoni, 58, 20129 Milano MI, Italia",02 8969 6018,https://cantinemilano.com/?site_source_name=gmbctam,reservation@cantinemilano.it; booking@cantineamare.com,4.8,391
Pesce D'Oro Bistrot,"Viale Monte Grappa, 2, 20124 Milano MI, Italia",02 5812 4659,https://pescedorobistrot.com/,,4.6,311
Noi Pesce,"Piazzale Damiano Chiesa, 2, 20149 Milano MI, Italia",02 4953 0729,http://www.noipesce.it/,gruppofl@legalmail.it,4.4,1291
Osteria da Zio Ninì,"Via Tibullo, 10, 20151 Milano MI, Italia",02 3349 0988,https://www.facebook.com/pages/Osteria-Da-Zio-Nini/312898762237826,,4.5,5394
Marea Seafood & Beverage,"Via Papa Gregorio XIV, 16, 20123 Milano MI, Italia",02 8457 0315,http://www.mareamilano.it/,info@mareamilano.it,4.8,476
Vento di Sardegna,"Via Edmondo de Amicis, 44, 20123 Milano MI, Italia",02 8909 3710,http://www.ristoranteventodisardegna.it/milano,milano@ristoranteventodisardegna.it,4.5,1654
Osteria Molo 13,"Via Rubens, 13, 20148 Milano MI, Italia",02 404 2743,http://www.molo13.it/,,4.5,1903
A'Riccione,"Via Torquato Taramelli, 70, 20124 Milano MI, Italia",02 683807,https://www.ariccionemilano.it/,lara@ariccioneterrazza12.it; info@ariccioneterrazza12.it; info@ristoranteariccione.com,4.5,1796
Zio Pesce,"Via Andrea Maffei, 12, 20135 Milano MI, Italia",02 4979 4967,https://www.ziopesce.com/,info@sevengroup.it,4.3,1396
La Rosa dei Venti,"V. Piero della Francesca, 34, 20154 Milano MI, Italia",02 347338,,,4.6,643
Beef Club Milano - Miglior Ristorante di Carne alla Brace della città,"Via Giovanni Boccaccio, 15, 20123 Milano MI, Italia",02 5182 3951,http://www.beefclubmilano.it/,INFO@BEEFCLUBMILANO.IT,4.7,1103
El Carnicero Spartaco,"Via Spartaco, 31, 20151 Milano MI, Italia",02 5401 9816,https://www.elcarnicero.com/el-carnicero-spartaco/,,4.5,2886
PitBeef Milano,"Via Gaetano de Castillia, 7, 20124 Milano MI, Italia",02 8706 3435,http://pitbeefmilano.com/,info@pitbeefmilano.com,4.9,753
Viro Steak Restaurant Milano,"Via Lodovico Settala, 2, 20124 Milano MI, Italia",02 9710 0147,https://www.virosteakrestaurant.it/,,4.8,313
Picanha's Top Carne Milano,"Piazzale Lorenzo Lotto, 14, 20148 Milano MI, Italia",02 3921 4408,https://www.picanhastopcarne.com/lotto/,,4.5,1233
Osteria La Ciccia,"Via Lecco, 15, 20124 Milano MI, Italia",02 3655 3692,"https://aistudio.google.com/app/prompts?state=%7B%22ids%22:%5B%221iDf5_hDej8Xnhu5Q3-dljAmE9I7_y_o9%22%5D,%22action%22:%22open%22,%22userId%22:%22116638608431431168988%22,%22resourceKeys%22:%7B%7D%7D&usp=sharing",,4.3,754
PugliaMia Milano Braceria,"Via Urbano III, 3, 20123 Milano MI, Italia",333 802 8738,https://www.ilgrangusto.com/puglia-mia-milano/,,4.9,305
Nero 9,"Via Anfiteatro, 9, 20121 Milano MI, Italia",02 9167 2324,http://www.nero9milano.com/,,4.6,1079
Don Juan,"Via Altaguardia, Porta Romana, 2, 20135 Milano MI, Italia",02 5843 0805,http://www.ristorantedonjuan.com/,RISTDONJUAN@HOTMAIL.COM,4.5,1604
Varrone - The Philosophy of Meat Excellence,"Via Alessio di Tocqueville, 7, 20154 Milano MI, Italia",02 3679 8388,https://www.varronerestaurant.com/,,4.4,1678
Osteria la Carbonaia carne,"V. Giosuè Carducci, 38, 20123 Milano MI, Italia",02 4800 0088,http://www.osterialacarbonaia.it/,,4.6,698
Ribot,"Via Marco Cremosano, 41, 20148 Milano MI, Italia",02 3300 1646,http://www.ribotmilano.it/,info@maisontournier.com; borghetto@ribotmilano.it; bistrot@ribotmilano.it,4.6,5021
Muu House - Milano,"Viale Premuda, 46, 20129 Milano MI, Italia",345 500 9564,https://www.google.com/maps/reserve/v/dine/c/djM8aK4COYo?source=pa&hl=it-IT&gei=Fb6VZIK_MISO9u8P3aKYsA8&sourceurl=https://www.google.it/search?q%3Dmuu%2Bhouse%2Bmilano%26ie%3DUTF-8%26oe%3DUTF-8%26hl%3Dit-it%26client%3Dsafari,,4.4,657
Dry Aged,"Via Cesare da Sesto, 1/A, 20123 Milano MI, Italia",02 5810 7932,http://www.thedryaged.it/,,4.4,866
Via Pasteria,"Corso Italia, 16, 20122 Milano MI, Italia",02 8905 3384,http://www.viapasteria.com/,info@viapasteria.com,4.7,7227
Casa Artiano Milano,"Via Falcone, 7, 20123 Milano MI, Italia",02 7200 3713,,,4.7,320
Viaggi nel Gusto,"Via Edmondo de Amicis, 24, 20123 Milano MI, Italia",02 4775 5531,https://www.viagginelgusto.it/,info@viagginelgusto.com,4.6,826
Ristorante San Carlo,"Piazza S. Carlo, 2, 20122 Milano MI, Italia",02 3792 0389,https://sancarloaldue.com/,info@sancarloaldue.com,4.5,458
